unique_id,CDRscale,CDRscaleE,chr,dr_dx_cost,DR_ts,dr_tx_cost,ds_dx_cost,DS_neta,ds_tx_cost,dst_cost,dst_prob,e,emp_tx_p,fadult,fchild,felderly,n,nelderly,omega,padult,pchild,pelderly,radult,rchild,relderly,uiscaleA,uiscaleC,uiscaleE,vadult,vchild,velderly,x,xi_init
26F,0.954351643930847,0.539620307467962,0.2,26.1831083617931,0.78,304.004742330787,21.4430738961642,0.342721023386344,14.5274194451393,37.8387524889101,0.15,0.770576590873504,0.1,0.74207470500285,0.125558414398602,0.563711180775932,0.183843691114523,0.15364149333376,0.015317519464342,0.158098543674639,0.023216430210645,0.250332761609446,0.016787241971948,0.030202452088809,0.020799444898992,-0.985844077623021,-0.941417162843147,-0.958974588752419,0.000236009044842,0.000133490097738,0.00331673004379,0.350726292346175,0.009820226381627
