cost_dx,cost_flt,cost_mdr_reg
24.818172667046,15.0541845985307,360.762306974183
